{"status":"done","publicPath":"http://localhost:8080/assets/bundles/","chunks":{"main":[{"name":"bundle.js","publicPath":"http://localhost:8080/assets/bundles/bundle.js","path":"/Users/zhen/Desktop/Scrpay_Project/Django_Project/seatsfinderbots/frontend/assets/bundles/bundle.js"},{"name":"main.71348fe84c3582b74906.hot-update.js","publicPath":"http://localhost:8080/assets/bundles/main.71348fe84c3582b74906.hot-update.js","path":"/Users/zhen/Desktop/Scrpay_Project/Django_Project/seatsfinderbots/frontend/assets/bundles/main.71348fe84c3582b74906.hot-update.js"},{"name":"bundle.map","publicPath":"http://localhost:8080/assets/bundles/bundle.map","path":"/Users/zhen/Desktop/Scrpay_Project/Django_Project/seatsfinderbots/frontend/assets/bundles/bundle.map"},{"name":"bundle.map","publicPath":"http://localhost:8080/assets/bundles/bundle.map","path":"/Users/zhen/Desktop/Scrpay_Project/Django_Project/seatsfinderbots/frontend/assets/bundles/bundle.map"}]}}